x,y,z,s,yaw
0.74,3.158,0.059,0.0,4.712
0.74,3.104,0.057,0.053999999999999826,4.712
0.74,3.027,0.057,0.13099999999999978,4.712
0.74,2.922,0.057,0.23599999999999977,4.712
0.74,2.846,0.059,0.31199999999999983,4.712
0.74,2.791,0.059,0.367,4.712
0.74,2.695,0.058,0.4630000000000001,4.712
0.74,2.591,0.059,0.5669999999999997,4.712
0.74,2.526,0.06,0.6320000000000001,4.712
0.74,2.428,0.057,0.73,4.712
0.74,2.377,0.059,0.7810000000000001,4.712
0.74,2.324,0.058,0.8340000000000001,4.712
0.74,2.253,0.057,0.9049999999999998,4.712
0.74,2.143,0.056,1.0150000000000001,4.712
0.74,2.028,0.056,1.13,4.712
0.74,1.901,0.058,1.257,4.712
0.74,1.811,0.06,1.347,4.712
0.74,1.753,0.061,1.405,4.712
0.74,1.623,0.058,1.535,4.712
0.74,1.536,0.06,1.6219999999999999,4.712
0.74,1.445,0.058,1.7129999999999999,4.712
0.74,1.394,0.059,1.764,4.712
0.74,1.336,0.058,1.8219999999999998,4.712
0.74,1.274,0.057,1.884,4.712
0.74,1.218,0.06,1.94,4.712
0.74,1.14,0.058,2.018,4.7
0.739,1.051,0.057,2.107005617800226,4.699
0.738,0.983,0.059,2.175012970343903,4.699
0.736,0.852,0.058,2.3060282366299356,4.699
0.735,0.749,0.057,2.4090330908844804,4.699
0.733,0.609,0.056,2.5490473758699776,4.699
0.731,0.433,0.056,2.725058739139512,4.699
0.727,0.184,0.056,2.974090865581062,4.699
0.724,-0.075,0.055,3.2331082395157074,4.699
0.72,-0.357,0.055,3.5151366068832473,4.699
0.716,-0.671,0.055,3.8291620835567173,4.699
0.712,-1.018,0.055,4.17618513754593,4.699
0.708,-1.353,0.058,4.511209017291836,4.696
0.696,-1.633,0.06,4.79146604218149,4.616
0.666,-1.865,0.061,5.025397656120265,4.561
0.636,-2.057,0.062,5.219727273008685,4.56
0.614,-2.202,0.062,5.366386742529067,4.56
0.596,-2.318,0.062,5.483774987255701,4.56
0.58,-2.418,0.063,5.5850468984650785,4.56
0.573,-2.469,0.063,5.636525049170014,4.567
0.559,-2.561,0.057,5.7295841701630685,4.567
0.547,-2.648,0.058,5.8174078571728955,4.567
0.533,-2.74,0.057,5.9104669781659505,4.567
0.513,-2.877,0.056,6.048919135967842,4.567
0.489,-3.04,0.056,6.213676533373847,4.567
0.462,-3.224,0.056,6.39964696113052,4.567
0.431,-3.436,0.055,6.613901482669739,4.567
0.401,-3.642,0.055,6.822074487643967,4.567
0.366,-3.879,0.058,7.061644936572878,4.567
0.333,-4.104,0.058,7.289052060471845,4.567
0.3,-4.331,0.059,7.518438197803638,4.567
0.273,-4.504,0.06,7.693532458132181,4.527
0.246,-4.638,0.061,7.830225545009316,4.507
0.224,-4.744,0.062,7.938484493831111,4.507
0.208,-4.818,0.062,8.014194466754102,4.507
0.194,-4.886,0.06,8.083620686584942,4.507
0.18,-4.952,0.059,8.151089197758674,4.484
0.155,-5.045,0.058,8.247390807298702,4.427
0.13,-5.128,0.059,8.334074139029779,4.404
0.112,-5.184,0.061,8.39289590370919,4.404
0.081,-5.279,0.058,8.492825879192026,4.389
0.054,-5.355,0.057,8.573479459397744,4.343
0.02,-5.438,0.059,8.663173383383707,4.315
0.0,-5.486,0.06,8.715173383383707,4.315
-0.043,-5.582,0.057,8.820363687119364,4.256
-0.071,-5.637,0.059,8.882080783616201,4.229
-0.111,-5.712,0.057,8.967080783616202,4.214
-0.147,-5.776,0.057,9.040511022618945,4.178
-0.191,-5.848,0.056,9.124891115057862,4.164
-0.252,-5.948,0.056,9.242027787368459,4.164
-0.323,-6.063,0.056,9.377179553912592,4.164
-0.388,-6.17,0.058,9.502375400489067,4.164
-0.464,-6.294,0.057,9.64781267219065,4.155
-0.569,-6.453,0.056,9.838354006289055,4.074
-0.664,-6.57,0.056,9.989065651492735,3.964
-0.805,-6.7,0.056,10.180849383858126,3.797
-0.975,-6.813,0.057,10.384979244486109,3.655
-1.121,-6.887,0.059,10.54866186421099,3.563
-1.271,-6.946,0.061,10.709848091910505,3.47
-1.379,-6.978,0.062,10.822489114633134,3.386
-1.461,-6.994,0.062,10.906035508929955,3.285
-1.514,-7.0,0.062,10.959374050342333,3.227
-1.564,-7.003,0.061,11.009463969487806,3.167
-1.618,-7.002,0.061,11.063473227953368,3.087
-1.7,-6.991,0.058,11.146207743120861,2.952
-1.751,-6.98,0.058,11.198380532963844,2.896
-1.817,-6.962,0.057,11.266791058469792,2.846
-1.889,-6.938,0.056,11.342685722313833,2.81
-2.002,-6.897,0.056,11.462893875115546,2.786
-2.102,-6.859,0.056,11.569870508078077,2.761
-2.22,-6.808,0.056,11.698420109399901,2.697
-2.342,-6.746,0.057,11.83527039255635,2.644
-2.441,-6.691,0.059,11.948522324107207,2.63
-2.534,-6.638,0.06,12.055564371920205,2.626
-2.608,-6.595,0.061,12.141150585763324,2.596
-2.653,-6.567,0.061,12.194150585763323,2.562
-2.695,-6.538,0.06,12.245189786384023,2.502
-2.748,-6.494,0.058,12.314073746781201,2.381
-2.789,-6.451,0.058,12.373487549891253,2.277
-2.837,-6.386,0.057,12.454289777583316,2.136
-2.875,-6.318,0.057,12.532187145959918,2.025
-2.911,-6.234,0.058,12.623576423230285,1.923
-2.934,-6.163,0.06,12.698208855858466,1.864
-2.957,-6.075,0.06,12.789164889193259,1.77
-2.966,-6.017,0.059,12.847859011556576,1.678
-2.97,-5.936,0.058,12.928957716848338,1.568
-2.965,-5.841,0.058,13.02408920480054,1.471
-2.954,-5.759,0.059,13.10682371996803,1.411
-2.945,-5.706,0.06,13.160582440190893,1.388
-2.932,-5.64,0.062,13.227850560426262,1.381
-2.921,-5.583,0.059,13.285902261521061,1.381
-2.904,-5.499,0.058,13.371605236965324,1.372
-2.881,-5.394,0.057,13.479094771339605,1.323
-2.85,-5.287,0.057,13.590494950872674,1.244
-2.813,-5.188,0.056,13.696183171597598,1.193
-2.757,-5.054,0.056,13.841414022314654,1.164
-2.686,-4.89,0.056,14.020123283406518,1.162
-2.621,-4.738,0.058,14.185438134524013,1.162
-2.579,-4.642,0.059,14.290223629703451,1.162
-2.534,-4.538,0.06,14.40354176593945,1.162
-2.473,-4.398,0.058,14.556253913458892,1.162
-2.409,-4.249,0.057,14.71841741120114,1.162
-2.356,-4.126,0.057,14.852350230181402,1.162
-2.282,-3.955,0.056,15.038675215086808,1.162
-2.218,-3.808,0.056,15.199003004318744,1.162
-2.146,-3.641,0.056,15.380862840456357,1.162
-2.056,-3.435,0.056,15.605664975677534,1.162
-1.958,-3.207,0.055,15.853834272730978,1.162
-1.848,-2.952,0.055,16.131548154270956,1.163
-1.743,-2.711,0.056,16.39442835512298,1.163
-1.642,-2.47,0.058,16.655736602218244,1.201
-1.562,-2.237,0.06,16.902087977290517,1.299
-1.51,-2.003,0.061,17.141796133180133,1.422
-1.493,-1.859,0.062,17.286796133180133,1.501
-1.487,-1.705,0.062,17.4409129719746,1.543
-1.483,-1.568,0.062,17.577971353695677,1.545
-1.481,-1.469,0.063,17.67699155365508,1.545
-1.48,-1.402,0.063,17.743999015926082,1.556
-1.479,-1.336,0.063,17.810006591248918,1.559
-1.478,-1.265,0.063,17.881013633153223,1.559
-1.478,-1.179,0.057,17.967013633153222,1.574
-1.479,-1.121,0.057,18.025022253202316,1.605
-1.482,-1.045,0.056,18.10108144068154,1.636
-1.488,-0.968,0.056,18.178314853140137,1.65
-1.497,-0.858,0.056,18.288682420840072,1.651
-1.506,-0.743,0.057,18.404034057152696,1.651
-1.513,-0.657,0.059,18.490318470577137,1.651
-1.519,-0.588,0.06,18.559578848860827,1.653
-1.526,-0.515,0.062,18.632913697330025,1.683
-1.537,-0.418,0.057,18.730535416224953,1.702
-1.547,-0.349,0.057,18.800256288279165,1.738
-1.562,-0.265,0.056,18.885585064199134,1.758
-1.583,-0.159,0.056,18.99364523262395,1.759
-1.605,-0.042,0.056,19.112695642115057,1.759
-1.625,0.066,0.058,19.222531883857023,1.759
-1.642,0.15,0.059,19.308234859301287,1.759
-1.655,0.222,0.059,19.38139905819665,1.759
-1.677,0.335,0.058,19.496520732958615,1.759
-1.702,0.47,0.057,19.633816035136075,1.759
-1.725,0.591,0.057,19.75698258903769,1.761
-1.75,0.72,0.056,19.888382741244605,1.762
-1.791,0.93,0.056,20.102347691645367,1.762
-1.834,1.149,0.057,20.325529232100664,1.762
-1.864,1.305,0.059,20.484387659639147,1.767
-1.891,1.433,0.06,20.615204325244108,1.804
-1.917,1.536,0.061,20.721435205876812,1.825
-1.941,1.629,0.061,20.817482069438306,1.825
-1.956,1.686,0.062,20.87642271755147,1.825
-1.971,1.742,0.062,20.934396849714012,1.825
-1.985,1.796,0.062,20.99018215243794,1.825
-2.01,1.9,0.059,21.0971447627277,1.78
-2.027,1.987,0.058,21.185790123576425,1.761
-2.042,2.066,0.059,21.26620156554832,1.76
-2.053,2.124,0.06,21.325235454120904,1.76
-2.063,2.175,0.06,21.37720659996165,1.76
-2.078,2.252,0.058,21.45565403459147,1.76
-2.092,2.324,0.057,21.52900251787504,1.76
-2.11,2.417,0.057,21.62372843829812,1.76
-2.131,2.527,0.056,21.735715044640127,1.76
-2.151,2.632,0.056,21.842602836272288,1.76
-2.172,2.745,0.056,21.957537600377844,1.76
-2.196,2.869,0.056,22.08383882760862,1.758
-2.221,3.005,0.056,22.222117531681228,1.727
-2.24,3.151,0.056,22.36934864252401,1.665
-2.252,3.313,0.055,22.531792478972182,1.626
-2.26,3.473,0.057,22.69199235412819,1.622
-2.267,3.618,0.058,22.83716122131396,1.622
-2.273,3.745,0.059,22.96430287459879,1.602
-2.275,3.858,0.06,23.077320572327952,1.558
-2.271,3.955,0.061,23.174403011522692,1.497
-2.262,4.036,0.062,23.255901477765928,1.424
-2.249,4.107,0.061,23.328081807496403,1.341
-2.217,4.21,0.06,23.435938193491854,1.181
-2.163,4.313,0.06,23.552235226987985,0.991
-2.102,4.393,0.061,23.65283840785221,0.859
-2.049,4.45,0.061,23.73067156274137,0.784
-2.01,4.486,0.062,23.783746980780233,0.749
-1.97,4.522,0.059,23.837561476968528,0.736
-1.898,4.585,0.057,23.93323278928314,0.685
-1.833,4.634,0.057,24.014633034983014,0.611
-1.77,4.676,0.057,24.090349611767756,0.563
-1.709,4.713,0.058,24.161693847694703,0.536
-1.662,4.74,0.06,24.215897168626174,0.531
-1.618,4.766,0.062,24.267004897982897,0.531
-1.557,4.803,0.058,24.338349133909844,0.53
-1.46,4.857,0.057,24.449367150465715,0.487
-1.394,4.89,0.056,24.523157393723206,0.436
-1.315,4.925,0.056,24.609563412032117,0.395
-1.197,4.972,0.056,24.736579159087356,0.371
-1.077,5.019,0.057,24.865455068395494,0.37
-0.989,5.053,0.059,24.95979487971606,0.37
-0.919,5.08,0.06,25.034821541643673,0.369
-0.858,5.103,0.061,25.1000135656957,0.35
-0.793,5.125,0.062,25.168635719552892,0.304
-0.714,5.145,0.058,25.25012805048041,0.161
-0.646,5.151,0.06,25.318392243143915,0.05
-0.584,5.152,0.058,25.380400307135623,6.233
-0.485,5.139,0.057,25.480250194466556,6.058
-0.403,5.114,0.057,25.565976503147148,5.914
-0.332,5.082,0.059,25.643854613036897,5.813
-0.286,5.056,0.06,25.69669399229139,5.763
-0.213,5.012,0.058,25.78192896164083,5.72
-0.165,4.98,0.057,25.839617782048254,5.671
-0.099,4.929,0.057,25.923026414695002,5.57
-0.028,4.861,0.056,26.021337146560857,5.466
0.052,4.768,0.056,26.144011512261276,5.376
0.131,4.66,0.058,26.277821078436492,5.324
0.195,4.568,0.06,26.38989248424547,5.318
0.233,4.514,0.061,26.455922780322343,5.318
0.268,4.462,0.06,26.518604516099202,5.307
0.302,4.41,0.061,26.580733414367238,5.271
0.358,4.317,0.057,26.689292154227278,5.216
0.395,4.243,0.057,26.77202666939477,5.133
0.434,4.146,0.056,26.876573309704252,5.054
0.467,4.044,0.058,26.983778720015486,5.009
